,reviewId,userName,userImage,content,score,thumbsUpCount,reviewCreatedVersion,at,replyContent,repliedAt
0,9a96d066-cf3f-44b8-ab19-b65b5980f989,Akshaya Rajput,https://play-lh.googleusercontent.com/a-/AFdZucrV3gciQML_Fx00JkVFEWraXUHWaLD5ERHQJUekFQ,Waste,1,0,,2022-06-19 01:45:58,,
1,aef95d45-6a91-463f-8aa4-d325957537ed,rahamath unnisa,https://play-lh.googleusercontent.com/a/AItbvmmyp811_QC7C1ex3iN7b7HRqSJFNeyiXN7uGTfT=mo,Star Trek the next few days ago so I can do it for the best way I see the Ryu you were excited 😠😠😠😠😠😠😠😠😠😠😠😠😠😠🔗,3,0,,2022-04-02 18:41:56,,
2,9b68f85d-70db-440f-9700-fd86d0efeaa3,Abdul Rehman 06,https://play-lh.googleusercontent.com/a-/AFdZucpE0IPEShVic02HZnOZCqu8qrAKsoSpVPfaNSmS-g,Slow processing time,1,0,,2022-01-22 23:11:21,,
3,4f1bd584-4ac1-450f-b212-24181d9ad6e3,Amir D,https://play-lh.googleusercontent.com/a-/AFdZucqfzW5pIyTdXqhb2-7ImOhDHpbzxGH-nRtm_s0OkQ,one of the Worst and useless app,1,0,1.8,2022-01-13 05:56:37,,
4,74f17d95-bfbd-47fa-8732-0d1a9cece253,Maygana,https://play-lh.googleusercontent.com/a/AItbvmnDrsbwq5dUOz5WJ0_OJKBnZ3Lb3RDFhvYb2QSAWg=mo,Its hasn't got any good asccebality the process is very slow and the application need to be improved so much tht it could be easy for the students to access easily,1,2,1.8,2021-11-17 22:02:09,,
5,c08f775d-c4b9-4569-a921-cfd61afd1a70,Venkatesh R,https://play-lh.googleusercontent.com/a-/AFdZucqo86mOyAp0H5-q5QHMpW0n1IAh-KbFfzK8we0xaA,Very nice,5,0,1.8,2021-10-28 20:19:54,,
6,9f5d85fc-24aa-4e5c-9d5b-d4c63ec25f7a,Jessica Suchitra 20EC024,https://play-lh.googleusercontent.com/a-/AFdZucrah8iOlngRiEIV9XieA-tFgz1grWgEFYn3euDVOg,Awesome,5,0,,2021-10-12 16:30:38,,
7,0ddc55c5-d582-470b-bebd-25aa037c0f63,Vishwanath Reddy,https://play-lh.googleusercontent.com/a-/AFdZucpa86uenqTS3QO_6jbiAfmbhlMxBMgMDKQKQz1LS6o,Wonderful app for users,5,0,1.8,2021-10-11 21:39:31,,
8,0342d58c-c94a-42f6-8176-f8a9a64b5eaa,Vishalgupta S,https://play-lh.googleusercontent.com/a/AItbvmnECASw4DmYtTzKKU03R7Fmv1rmG7uVJWjlzJKQ=mo,🔥🔥🔥🔥🔥,5,0,1.8,2021-09-30 18:01:02,,
9,40fb3cd8-9b09-41e6-932c-617b1d56ee86,Rajib Sen,https://play-lh.googleusercontent.com/a/AItbvmksBPnX88cMgOlQ4rQv8c6q_kTqIvigG24w5_av=mo,No data ...,1,0,1.8,2021-01-28 05:20:25,,
10,4821a585-9779-47e5-b079-c2707ca87b7b,Augustine Gangmei,https://play-lh.googleusercontent.com/a-/AFdZucqPWZJ-qfsXismQlB5Rb05yoCAdW6kyMH_p-zOafw,This app doesn't show internet access and it shows No Data. It's very bad. I guess to update more and put more heart in it. Thank you 🙏,1,7,1.8,2021-01-20 18:31:13,,
11,b6e807c5-b399-40f8-b5e7-63293ab43457,Tushar kirtania,https://play-lh.googleusercontent.com/a-/AFdZucpEaACQy265PCAOB_xlZ0CqTQ0-GcKOFgvSKW_Biw,Useless,1,0,1.8,2020-10-15 05:58:59,,
12,c2a6d4d9-1766-4b69-92e9-d69dd71bb37c,A Google user,https://play-lh.googleusercontent.com/EGemoI2NTXmTsBVtJqk8jxF9rh8ApRWfsIMQSt2uE4OcpQqbFu7f7NbTK05lx80nuSijCz7sc3a277R67g,Fentastic android app for koha users.,5,0,1.8,2020-04-13 22:02:39,,
13,35234cff-41b8-4be7-bc3f-7d44c167df3a,A Google user,https://play-lh.googleusercontent.com/EGemoI2NTXmTsBVtJqk8jxF9rh8ApRWfsIMQSt2uE4OcpQqbFu7f7NbTK05lx80nuSijCz7sc3a277R67g,User-friendly application,5,1,1.8,2020-03-10 20:05:41,,
14,80fd6385-b3f5-4b20-b930-f21398a47b5c,A Google user,https://play-lh.googleusercontent.com/EGemoI2NTXmTsBVtJqk8jxF9rh8ApRWfsIMQSt2uE4OcpQqbFu7f7NbTK05lx80nuSijCz7sc3a277R67g,Bad,1,0,1.8,2020-02-11 18:14:06,,
15,9b1ca902-37a6-4c79-abda-de6d0a2a27c9,A Google user,https://play-lh.googleusercontent.com/EGemoI2NTXmTsBVtJqk8jxF9rh8ApRWfsIMQSt2uE4OcpQqbFu7f7NbTK05lx80nuSijCz7sc3a277R67g,Good,5,1,1.8,2019-10-10 19:25:07,,
16,0c0d5453-2996-44ab-ade7-6af5262a7ef6,A Google user,https://play-lh.googleusercontent.com/EGemoI2NTXmTsBVtJqk8jxF9rh8ApRWfsIMQSt2uE4OcpQqbFu7f7NbTK05lx80nuSijCz7sc3a277R67g,Could not connect at all.. didnt move from the first page.,1,0,,2019-09-06 01:58:27,,
17,d647efd5-06a6-4adf-aa5b-ab265122d6af,A Google user,https://play-lh.googleusercontent.com/EGemoI2NTXmTsBVtJqk8jxF9rh8ApRWfsIMQSt2uE4OcpQqbFu7f7NbTK05lx80nuSijCz7sc3a277R67g,vry bad,1,0,1.8,2019-08-23 19:41:17,,
18,35917f67-ca26-4018-8f24-fcd0d8b6d2d7,A Google user,https://play-lh.googleusercontent.com/EGemoI2NTXmTsBVtJqk8jxF9rh8ApRWfsIMQSt2uE4OcpQqbFu7f7NbTK05lx80nuSijCz7sc3a277R67g,good excellent,5,0,1.8,2019-08-16 11:43:57,,
19,7ed3921b-80fa-4bc3-992a-ccff9a31a97e,A Google user,https://play-lh.googleusercontent.com/EGemoI2NTXmTsBVtJqk8jxF9rh8ApRWfsIMQSt2uE4OcpQqbFu7f7NbTK05lx80nuSijCz7sc3a277R67g,"I would love to give this a better review, however, I have not been able to get past the start up screen as it continues to say no internet connection when I am, in fact, connected to the internet.",1,2,1.6,2019-07-24 03:54:32,"Hey Roxanna, Thanks for sharing your concerns with us. You will be pleased to know that we are already working on it. Stay tuned with us for further updates :)",2019-07-26 17:45:07
20,51056a45-e861-4349-a083-99f8edd27f1c,A Google user,https://play-lh.googleusercontent.com/EGemoI2NTXmTsBVtJqk8jxF9rh8ApRWfsIMQSt2uE4OcpQqbFu7f7NbTK05lx80nuSijCz7sc3a277R67g,good,4,0,1.6,2019-05-11 14:46:04,,
21,523b882a-fbb6-47cc-a83d-fae509fbc10a,A Google user,https://play-lh.googleusercontent.com/EGemoI2NTXmTsBVtJqk8jxF9rh8ApRWfsIMQSt2uE4OcpQqbFu7f7NbTK05lx80nuSijCz7sc3a277R67g,Shows no internet connection when my phone is infact connected to the internet. Cant even get to the login screen. Very bad .,1,8,,2019-04-18 16:09:30,"Hey Sarthak, Thanks for sharing your concerns with us. You will be pleased to know that we are already working on it. Stay tuned with us for further updates :)",2019-07-26 17:46:54
22,18fafa75-27e6-42aa-a21b-6eaa5850bf61,A Google user,https://play-lh.googleusercontent.com/EGemoI2NTXmTsBVtJqk8jxF9rh8ApRWfsIMQSt2uE4OcpQqbFu7f7NbTK05lx80nuSijCz7sc3a277R67g,2nd Google,5,1,1.6,2019-03-29 17:59:53,,
23,5e0ec532-e26f-4432-b843-695311e735b4,A Google user,https://play-lh.googleusercontent.com/EGemoI2NTXmTsBVtJqk8jxF9rh8ApRWfsIMQSt2uE4OcpQqbFu7f7NbTK05lx80nuSijCz7sc3a277R67g,Excellent App for Khoa users,5,1,,2019-02-21 20:52:39,,
24,feace4ff-6d23-48a2-9e0a-19249faa195f,A Google user,https://play-lh.googleusercontent.com/EGemoI2NTXmTsBVtJqk8jxF9rh8ApRWfsIMQSt2uE4OcpQqbFu7f7NbTK05lx80nuSijCz7sc3a277R67g,The app show no internet connection ....always at startup page itself for Android P,1,4,1.5,2019-02-20 20:32:02,"Hey Sushant, Thanks for sharing your concerns with us. You will be pleased to know that we are already working on it. Stay tuned with us for further updates :)",2019-07-26 17:46:05
25,ab501e8b-1bdf-4227-bc02-07ca084385d9,A Google user,https://play-lh.googleusercontent.com/EGemoI2NTXmTsBVtJqk8jxF9rh8ApRWfsIMQSt2uE4OcpQqbFu7f7NbTK05lx80nuSijCz7sc3a277R67g,works well with my collage,5,1,,2019-01-04 21:54:46,,
26,01050f7c-8dfa-429b-a21f-7afd9a916f2c,A Google user,https://play-lh.googleusercontent.com/EGemoI2NTXmTsBVtJqk8jxF9rh8ApRWfsIMQSt2uE4OcpQqbFu7f7NbTK05lx80nuSijCz7sc3a277R67g,Kadakkk 👍👍,5,0,1.6,2018-11-17 00:30:19,,
27,8b8e7dad-681c-436a-bac3-46f09f0bc677,A Google user,https://play-lh.googleusercontent.com/EGemoI2NTXmTsBVtJqk8jxF9rh8ApRWfsIMQSt2uE4OcpQqbFu7f7NbTK05lx80nuSijCz7sc3a277R67g,Useful app,5,0,1.6,2018-11-14 06:05:26,,
28,5420f235-6b76-44a0-9ffc-b8d1d43cd638,A Google user,https://play-lh.googleusercontent.com/EGemoI2NTXmTsBVtJqk8jxF9rh8ApRWfsIMQSt2uE4OcpQqbFu7f7NbTK05lx80nuSijCz7sc3a277R67g,It's good,5,0,1.5,2018-11-14 03:05:52,,
29,c8443f42-8ead-4cb8-925a-84757be684ab,A Google user,https://play-lh.googleusercontent.com/EGemoI2NTXmTsBVtJqk8jxF9rh8ApRWfsIMQSt2uE4OcpQqbFu7f7NbTK05lx80nuSijCz7sc3a277R67g,Very useful app. And congratulations,5,3,1.6,2018-11-14 00:08:02,,
30,c14d845c-41c3-42a5-92ae-a8f11f6b2782,A Google user,https://play-lh.googleusercontent.com/EGemoI2NTXmTsBVtJqk8jxF9rh8ApRWfsIMQSt2uE4OcpQqbFu7f7NbTK05lx80nuSijCz7sc3a277R67g,Excellent application,5,5,1.6,2018-11-13 23:35:45,,
31,88c6c53e-7606-41b1-8b8e-24e8f5ce09d0,A Google user,https://play-lh.googleusercontent.com/EGemoI2NTXmTsBVtJqk8jxF9rh8ApRWfsIMQSt2uE4OcpQqbFu7f7NbTK05lx80nuSijCz7sc3a277R67g,Not recommended to AITM student. Its not according to our needs. It doesn't work properly. It stucks in between. Especially it doesn't sign in properly at the start. Waste of Data and also of time. It sucks. Need to work more on this app.,1,5,1.6,2018-11-13 22:24:03,,
32,3e5a02cd-4f55-4dba-8790-f61c1cbf478e,A Google user,https://play-lh.googleusercontent.com/EGemoI2NTXmTsBVtJqk8jxF9rh8ApRWfsIMQSt2uE4OcpQqbFu7f7NbTK05lx80nuSijCz7sc3a277R67g,Totally pagalpanthi.... If anyone install this app... their moble phone will be hacked...😰😱,1,2,1.6,2018-11-11 05:26:58,,
33,583db214-5e01-4200-963b-ff608b9d70d3,A Google user,https://play-lh.googleusercontent.com/EGemoI2NTXmTsBVtJqk8jxF9rh8ApRWfsIMQSt2uE4OcpQqbFu7f7NbTK05lx80nuSijCz7sc3a277R67g,It's helpfull,4,0,1.5,2018-11-01 05:39:23,,
34,d5e126cf-db1f-442f-970e-d2d02cec3e85,A Google user,https://play-lh.googleusercontent.com/EGemoI2NTXmTsBVtJqk8jxF9rh8ApRWfsIMQSt2uE4OcpQqbFu7f7NbTK05lx80nuSijCz7sc3a277R67g,Not good,1,0,1.5,2018-10-27 01:28:36,,
35,371047ac-dd10-4f29-8d64-bd0ec1b5868e,A Google user,https://play-lh.googleusercontent.com/EGemoI2NTXmTsBVtJqk8jxF9rh8ApRWfsIMQSt2uE4OcpQqbFu7f7NbTK05lx80nuSijCz7sc3a277R67g,Very good,5,0,1.5,2018-10-25 01:25:26,,
36,fa3a039d-9a19-4c4a-92f5-85c5d24e9702,A Google user,https://play-lh.googleusercontent.com/EGemoI2NTXmTsBVtJqk8jxF9rh8ApRWfsIMQSt2uE4OcpQqbFu7f7NbTK05lx80nuSijCz7sc3a277R67g,👌👌👍👍,5,0,1.5,2018-10-10 19:02:51,,
37,856cb2f1-4890-439d-ab58-4d40aa7244a2,A Google user,https://play-lh.googleusercontent.com/EGemoI2NTXmTsBVtJqk8jxF9rh8ApRWfsIMQSt2uE4OcpQqbFu7f7NbTK05lx80nuSijCz7sc3a277R67g,Osm app,5,0,,2018-10-10 18:31:50,,
38,855cc509-ec7f-438c-81fa-cf02a1b88700,A Google user,https://play-lh.googleusercontent.com/EGemoI2NTXmTsBVtJqk8jxF9rh8ApRWfsIMQSt2uE4OcpQqbFu7f7NbTK05lx80nuSijCz7sc3a277R67g,"Good app for every one, who use library every time",5,6,1.5,2018-10-06 04:00:55,,
39,79acfc4c-f7bf-4576-85cd-41a5a25153a9,A Google user,https://play-lh.googleusercontent.com/EGemoI2NTXmTsBVtJqk8jxF9rh8ApRWfsIMQSt2uE4OcpQqbFu7f7NbTK05lx80nuSijCz7sc3a277R67g,OK,5,0,1.4,2018-10-05 07:49:10,,
